,gene_clusters,localization_score,clustering_rank
Rb1cc1,0,2.7309723482009103,8.149477
Pcmtd1,0,2.8499113847758712,11.586165
Vcpip1,0,2.7198594264248346,6.0023685
Mcm3,8,6.2314964607343635,69.25363
Phf3,0,2.8261068218255363,10.238167
Neurl3,0,3.2890039055318776,12.851021
Arid5a,5,2.9041635441790272,8.301492
Cox5b,2,2.297616195643847,75.39593
Tmem131,0,2.505534644941004,11.885456
Eif5b,2,2.8735075931902596,31.381634
Aff3,5,4.057975009835736,9.352738
Rpl31,3,2.3708704206273614,37.309616
Map4k4,5,3.0546041256087997,8.844167
Il18r1,1,5.171302464161884,47.287815
Il18rap,1,5.583320482225049,54.75095
Stat1,4,6.84805324501771,59.613068
Mfsd6,5,2.8832538589782524,8.904971
Hspd1,2,4.499473825411322,51.937275
Hspe1,2,3.6004793463970297,35.83772
Clk1,0,3.813453796269232,25.317106
Nop58,2,3.9105027479493244,38.5367
Cd28,5,4.116491277286572,18.693605
Ctla4,7,5.070925849164071,15.353144
Icos,7,4.473886205129876,26.640242
Eef1b2,3,2.2650798047582317,61.016216
Klf7,0,2.5491835094545783,5.414897
Ikzf2,5,5.060191970642358,13.748504
Arpc2,1,2.0815015669635395,47.094616
Tuba4a,2,3.403406536731801,41.34949
Agfg1,7,2.8830089938241614,23.531507
Sp140,1,3.2759222736638205,9.127153
Sp100,1,2.964165075750247,33.242554
Itm2c,7,3.228343286986387,24.707079
Ncl,2,3.5610914613561624,41.528385
Ptma,2,3.1276676336800433,103.669586
Arl4c,1,4.663836631607909,31.14339
Ramp1,3,4.893302940639205,21.16212
Hdac4,3,2.576545959638966,5.506567
Pdcd1,7,8.766659506871989,42.05089
Bcl2,3,5.395364910320938,31.786985
Tmem37,1,4.3191518957468045,14.810032
Dbi,2,3.551620244049106,83.58123
Actr3,1,2.358017105901014,41.01133
Tmem163,1,5.437995615354419,44.432278
Mcm6,8,5.326246915004051,55.50585
Cd55,3,3.7331128200242403,11.593667
Ikbke,3,2.9941482806496356,7.8378167
Nucks1,2,4.167165788587156,72.56622
Elk4,5,2.9082276855436415,7.3682666
Mdm4,0,3.0543563579908715,12.664879
Snrpe,2,2.107478691428494,71.99928
Lax1,7,4.043221427464122,34.583218
Btg2,9,3.6968183277990074,38.3421
Kdm5b,0,2.7964676911293793,5.8638954
Kif21b,0,3.1650577239258264,12.499373
Gm19705,4,4.009551023512645,12.5510435
Ptprc,5,2.3331546718334577,27.644043
Aspm,8,6.795412307118235,36.501698
Rgs2,0,3.9593649812396046,16.27018
Rgs1,5,5.174742636865791,20.283861
1700025G04Rik,5,5.837320972705211,27.033287
Arpc5,1,3.0369264067249775,46.059826
Rgs16,7,5.182004364912843,11.303119
Ier5,9,4.7199420024219245,30.520723
Cep350,0,2.905521156846904,13.383793
Tor1aip2,4,2.817124351722141,15.894032
Gm2000,3,2.806670457052294,19.425514
Ralgps2,3,3.5039984875961645,9.601054
4930523C07Rik,0,2.8501996576438073,15.814815
Rabgap1l,7,3.236980914096263,15.766117
Gas5,3,4.02004567269364,78.626175
Fasl,9,4.959897283182318,33.384895
Suco,0,3.1192709633388254,11.767802
Sell,3,5.300271141562397,53.31537
Atp1b1,3,3.3217554876638764,11.389294
Xcl1,2,7.808933378120851,26.56749
Fcgr2b,9,5.439916755195453,20.016327
Gm10522,9,5.318317292728526,14.576003
Fcer1g,7,5.054289611258938,16.01103
Slamf7,1,3.6139259614417467,32.493626
Cd48,1,2.977954671293233,49.900436
Cd84,1,2.7807290622779757,11.477056
Slamf6,5,4.962528251042301,14.626792
Pea15a,0,2.925857212314751,9.864705
Tagln2,2,3.551067010808261,47.55742
Ifi206,4,4.870265812313349,18.155764
Ifi214,4,4.272477375954132,12.570994
Ifi213,4,5.552741337586464,27.173315
Ifi209,4,4.6127383793199215,21.51205
Ifi208,4,5.045130598150113,23.877392
Mndal,4,3.9758480010687767,19.640419
Ifi203,4,4.424052995682086,25.711277
Hnrnpu,2,2.911598762739071,41.810852
Itpkb,5,3.761180384349774,12.534277
Ephx1,3,3.7551575873776875,9.052303
Cenpf,8,8.339798840761777,50.054867
Hsd11b1,1,3.626653033117711,33.886612
G0s2,1,3.901209703098382,7.5680866
Atp5c1,1,2.525192397282339,31.615917
Vim,1,3.690197457933366,67.45917
Otud1,0,3.5673979767344957,8.013175
Apbb1ip,1,3.4068674490356816,45.66184
Tubb4b,8,5.338650822758207,68.980095
Bmyc,3,3.0084406895847566,10.665234
Notch1,0,2.889873476158546,15.954196
Lcn4,3,4.060218173030307,18.632763
Setx,0,2.76710164179036,12.907504
Set,2,3.0699271258230065,55.794556
Ass1,2,3.697037957651226,31.567797
Fam78a,0,3.2731031319125123,12.309005
Prrc2b,0,3.148354321073696,11.791743
Fam102a,3,3.1555767863401787,8.144544
Rpl12,3,2.5633170327104535,77.455605
Hspa5,2,4.0518827064849505,49.359917
Traf1,5,4.555455802402302,21.024603
Arhgap15,0,3.2852491091963256,12.014354
Zeb2,1,8.974152813677152,58.83543
Nr4a2,7,6.510597883012379,17.207813
Dapl1,3,5.50900139068535,33.26774
Dpp4,5,3.5784152922269286,6.888676
Ifih1,4,4.527953959345692,10.021481
Pdk1,3,3.21856290231793,11.845
Rapgef4,3,3.106817690824257,7.7988296
Atp5g3,2,2.4001051088214,84.61543
Hnrnpa3,2,2.1614028436576227,62.984898
Nfe2l2,0,2.5072359157337014,6.4436846
Itga4,1,4.377041772993831,62.848686
Selenoh,2,3.748724791773454,82.160995
Ube2l6,4,4.644313298716097,7.544326
Madd,0,2.601277124083121,9.509143
Phf21a,0,3.285383702531942,12.487015
Cd82,7,3.757696738629442,39.31714
Nop10,3,3.1221196249518344,18.868982
Rasgrp1,0,3.5116084874303892,14.225736
Knl1,8,6.0263271317125495,53.866924
Nusap1,8,8.22998361899468,48.096252
Mga,0,2.817985935842576,9.169324
Pdia3,2,2.9619307534566586,55.316753
Gm14085,3,3.667956842574868,8.16548
AA467197,1,5.074687250618114,30.630602
Dut,8,5.2960069601897635,85.58955
Dusp2,1,4.22497760732545,19.30012
Bcl2l11,7,4.705830188391476,20.1519
Zc3h6,0,2.755611512387046,7.088339
Snrpb,2,2.258578225448235,48.96651
Nop56,2,3.4646979766133845,37.8408
Cdc25b,1,4.446657667881599,41.87042
Rassf2,5,2.9406756478547718,7.8600636
Pcna,8,5.584350430187809,71.68926
Cst3,2,3.854397083336447,39.505234
Cst7,7,4.308470053178837,35.178646
Fkbp1a,7,3.0824987368510843,44.485004
Sdcbp2,7,5.479657920157008,31.53691
Tpx2,8,6.884458162641793,64.01559
Acss2,1,4.57469956745606,21.600464
Rbm39,0,2.4267590704251787,35.376503
Samhd1,4,4.8624893049694204,32.719196
Chd6,0,2.6068330118616787,7.740763
Serinc3,1,3.3814780567835965,51.273617
Slpi,6,3.1342947346713417,3.2798483
Ube2c,8,7.851171341508062,73.52638
Ctsa,1,3.9909051543085816,51.04895
Zmynd8,0,2.456263370514059,9.880866
Prex1,7,4.365730064858265,31.084017
Zfas1,4,5.537682148475695,33.286934
Rnf114,4,3.7017381320137095,17.863775
Cebpb,3,3.603794026567733,15.439673
Rbm38,1,3.3802655666619494,28.235802
Zbp1,4,6.919966689248313,31.860594
Pmepa1,3,3.104178419350589,9.331703
Gnas,1,2.445455374369416,33.35188
Rps21,3,2.133098238497596,72.61371
Helz2,4,3.984110007308857,12.645838
Pcmtd2,0,2.584354946619528,5.965356
Pag1,0,3.050204983156566,18.636198
Fabp5,2,5.637685221361013,48.244995
Car2,6,2.744487036388046,2.4053237
Pde7a,5,3.6590739398760777,21.763247
Rpl22l1,3,2.4890336813807252,40.61106
Phc3,0,2.8745494286896696,8.610419
Atp11b,5,2.651025609304631,8.226541
Ccna2,8,6.749472168355842,74.9014
4932438A13Rik,0,2.8690507127654055,8.136548
Mgst2,5,3.951722161922499,21.064445
Foxo1,5,3.415653983592425,14.557918
Mbnl1,5,2.7280151062240923,16.36738
Ccnl1,0,3.2223237032908028,18.2659
Ift80,0,3.3327557464915367,5.8033605
Smc4,8,4.833605379935356,43.055653
Sh2d2a,7,4.566110667919383,42.974415
Hdgf,2,3.238149674570068,50.402622
Ash1l,0,2.6959455251632187,8.282043
Fam189b,3,2.7625509485026525,15.694914
Krtcap2,2,2.4998819379958106,32.005753
Cks1b,2,6.177955399900017,89.60646
Pbxip1,0,3.1687564489915583,12.09952
Adar,4,3.227034770137386,14.944446
Il6ra,3,3.795572059971315,15.411877
Tpm3,2,2.678829829329454,41.99207
Rps27,3,1.9223859893629542,88.489845
S100a13,1,2.9441981621427917,45.850513
S100a4,1,5.974631046430207,94.08252
S100a6,1,3.8588005978666184,87.8717
S100a11,1,3.6295157520609473,84.981125
S100a10,1,2.3821246271569043,75.967026
Ctss,4,3.7423539165945763,20.29861
Anp32e,2,3.958051827386704,65.33964
Plekho1,3,3.942838514223864,4.906696
Hist2h2ac,8,7.1667694069174805,38.547455
Hist2h4,8,5.90368555904093,27.980318
Gm20628,8,7.295668074045466,34.55628
Hist2h2bb,8,6.3151286783448155,31.450542
Txnip,0,3.363894115341885,32.611
Cd160,2,5.451702097651694,33.25689
Phgdh,2,3.689623983724725,60.997456
Tent5c,0,3.69563846463343,15.11302
Cd2,1,2.869258213367893,54.68226
Hipk1,5,3.3341345247718666,12.819891
Rsbn1,0,2.693459130170923,8.797786
Atp5f1,2,2.395446451930761,47.57594
2010016I18Rik,5,3.011156538960356,5.8379393
Dennd2d,5,4.114875216634771,21.867218
S1pr1,1,3.119154071804659,16.019169
A930005H10Rik,3,3.1972500022693744,14.662372
Dph5,3,2.7587260550206145,9.408245
1810037I17Rik,2,2.595774721014444,52.00773
Snhg8,3,3.3059246768511907,24.991962
Camk2d,5,3.0062237714870035,8.351204
Fam241a,3,4.1611808366564125,30.638306
Lef1,3,3.808726443771081,44.128056
Cenpe,8,6.860341724899917,48.836475
Nfkb1,0,2.696388436516014,11.152919
H2afz,2,2.839092249944351,90.91989
Gbp5,4,3.3527291147512583,4.7444663
Gbp7,4,4.0615906210941715,16.793327
Gbp2,4,7.359700457673623,30.628698
Rps20,3,1.6359221334685543,98.867584
Gm11808,3,3.3434867190730158,35.49398
Tox,7,9.294769999130445,29.995487
Trp53inp1,5,3.481637500570464,9.518477
Gem,1,3.6527482026979747,21.8533
Cpne3,0,3.0858979118464824,9.05892
Pnisr,0,2.9439900499851577,12.948409
Bach2,3,3.290026513254457,14.0107975
Mdn1,2,3.1729602498779963,9.018691
Pnrc1,9,4.9354415296560745,52.448418
Zfp292,0,2.658628771700486,9.091668
Ddx58,4,4.331412296514476,16.539083
Smim27,0,2.8611161448199343,15.46415
B4galt1,0,2.680159842634792,10.680407
Cd72,0,3.502576743202705,7.6486263
Zcchc7,0,3.0059554005810103,13.746197
Anp32b,2,2.9471837613727936,83.52594
Sec61b,2,2.4592637110184845,50.56514
Smc2,8,5.482654899490279,74.83431
Txn1,2,3.4602277234424546,83.12585
Ugcg,1,2.9252318704249047,14.503603
Tnfsf8,3,4.135219307802168,16.047354
Dennd4c,0,3.3406988293273785,12.813551
Rps6,3,2.0092904986279305,47.59223
Jun,9,7.633217506083265,53.15256
Patj,3,2.9772867171896853,7.4095497
Jak1,1,3.958504996127762,58.65398
Pde4b,3,3.64926631499062,19.869734
Usp24,0,2.9126175266397047,9.777936
Tut4,5,3.153267433292137,9.025629
Nasp,2,4.216673178023108,65.42983
Prdx1,2,2.7935498309482463,77.25685
Cdc20,8,7.785583456134805,55.809914
Ybx1,2,2.611331820979974,67.822586
Macf1,0,3.54294540010653,19.10671
Cdca8,8,6.452998883116967,74.00428
Sfpq,2,3.0812958275879416,35.528687
Lck,1,2.2028234841111405,40.69157
Laptm5,1,2.3527808620070463,59.98041
Epb41,0,3.031424651713361,10.277708
Snhg12,3,3.253096919032461,20.5891
Snhg3,2,3.3081721443109267,17.343987
Atpif1,2,3.3099030416406277,65.65002
Smpdl3b,1,5.109723463513683,26.431995
Rpa2,1,3.873041754255241,41.71211
Hmgn2,2,4.653222199002508,90.11692
Cd52,1,1.6923067243923284,73.47273
Sh3bgrl3,1,1.7710029441153505,55.553963
Stmn1,2,5.574741529978478,93.43456
Ldlrap1,0,2.6822577575381805,4.604794
Tmem50a,1,2.346855111646987,39.908966
Rsrp1,0,2.453521855288238,26.736576
Runx3,0,2.839403256327791,14.017634
Id3,5,7.094305830199668,27.174238
C1qb,6,3.4232779745207123,1.8106889
C1qc,6,3.362608237958611,1.7369568
Cdc42,1,2.175304008298851,45.02014
Pink1,1,2.8934273713860934,13.404486
Camk2n1,9,5.284070074127392,28.314161
Capzb,1,2.4899833317764353,45.460636
Ubr4,0,2.8240652069087777,12.624293
Efhd2,1,3.2431649628895696,42.55556
Prdm2,0,2.9307532574832087,9.519249
Srm,2,5.217805785437523,31.239805
Kif1b,4,3.7767096255988557,7.6117797
Pik3cd,0,2.9964453883287816,13.878289
Eno1,2,3.2663003674198907,53.23115
Rere,0,2.8555999042447517,9.370589
Park7,2,2.9112682680762494,56.952065
Tnfrsf9,2,4.938806256901493,42.910206
Thap3,1,2.8425685066675404,16.239061
Tnfrsf25,0,4.518651705042908,15.251005
Tprgl,1,3.030704105696009,32.930252
Tnfrsf4,2,3.6752703000434894,3.7438755
Tnfrsf18,1,3.8710359686555607,20.184444
Isg15,4,9.460880056480967,48.197998
AW011738,4,3.959493797549905,6.4481997
Akap9,0,2.6515522092550223,9.454824
Abcb1a,5,3.6250268975280324,8.4721575
Tmem243,5,3.5426368997159856,15.349596
Fgl2,1,3.8409495893488215,13.891636
5031425E22Rik,0,3.1919883778710676,12.928316
Kmt2e,7,3.107393601360767,23.565968
Kmt2c,0,3.288966666193434,13.608515
Rbm33,0,2.7738295442622594,9.756736
Tyms,8,5.674222665974355,76.581505
Cenpa,2,7.960342919131112,77.79967
Ywhah,1,3.3577358549023844,67.32231
Slbp,8,4.679944398896652,61.381485
Tacc3,8,5.464948196557237,61.009296
Mxd4,1,3.9632264363941956,21.037642
Nop14,2,2.8018203271623823,13.3431425
Bod1l,0,2.5416645062542282,12.094341
Arap2,7,4.01728107956659,21.966074
Klf3,0,4.884855157714978,39.46285
Rhoh,7,2.940722519847581,9.095138
Gm43698,3,4.939343114547234,16.775951
Txk,5,3.468725632640493,12.368835
Fryl,0,3.4744186365861456,10.563732
Hopx,1,4.104383968170829,45.838615
Ythdc1,0,3.050943524495235,16.613644
Jchain,6,4.033630679716002,6.0497174
Ppbp,6,2.785504855711102,1.9098308
Pf4,6,3.1981148272033066,4.948291
Cxcl10,4,5.677762253941399,6.736608
Hnrnpd,2,2.844476596451731,46.98525
Plac8,4,7.198003957178107,52.626133
Gbp8,4,3.3536543484285257,6.6097636
Gbp9,4,4.999287660472307,15.84467
Gbp4,4,5.528193472841818,18.899729
Gbp10,4,5.210325030077776,14.38447
Gbp6,4,5.447323026684657,16.619259
Rpl5,3,2.3486548405157754,31.619137
Crlf2,1,4.108758773626115,40.996025
Selplg,1,2.640255365105309,61.851143
Oasl2,4,7.039890248494454,19.919622
Oasl1,4,5.177978998484046,12.601653
Dynll1,2,2.855862683999103,50.91226
Cox6a1,2,2.7525893522614604,69.82039
Tesc,6,3.279485710241092,10.102668
Dtx1,0,3.5518690814430482,20.204277
Oas2,4,5.356081842421416,9.808782
Oas3,4,5.3475693905598405,21.457844
Oas1a,4,5.810234042932726,23.677721
Trafd1,4,4.553157554934728,19.550526
Arpc3,1,2.594334435232559,52.160748
Orai1,7,3.0079428410276035,13.398469
Setd1b,0,2.8547088256393462,11.744647
Vps37b,0,2.9173747871003517,7.5785804
Rilpl2,7,5.216492634514278,46.35536
Ubc,9,3.1809989753834356,41.48611
Ran,2,3.1921825141336417,96.122696
Cct6a,2,3.5655803252668816,34.80094
Gtf2i,5,3.0903376971353214,9.033796
Orai2,0,2.9954013382508804,10.211886
Trim56,4,3.186403268247297,5.162785
Gnb2,1,2.5838617468690406,44.72758
Mcm7,8,5.452290085356193,66.52814
Gpr146,6,2.7551265832698415,3.331045
Lfng,1,3.348086225127244,43.902576
Actb,6,1.333934298301099,76.63942
Rac1,1,2.1226799841668935,31.510162
Tecpr1,0,3.2589589271130475,14.770079
Arpc1b,1,2.140966872692391,46.38054
Atp5j2,2,2.1797209716614,62.764133
Polr1d,1,2.7371610476565373,32.9523
Pan3,0,2.7104279808324256,10.00516
Pomp,2,3.077254150271707,55.367527
Hmgb1,2,2.677004637589463,78.52944
Alox5ap,6,4.2271424436261675,3.8826144
Wdr95,1,4.679540209390142,34.107162
N4bp2l1,0,2.6082569749330595,6.8214707
Gm20559,4,3.620958523567198,11.022964
Samd9l,4,3.7061175074016357,7.3973346
Sem1,2,2.5244400409434133,35.41976
Ndufa4,2,2.497477876506246,63.3346
Gm20186,0,2.9275598098930926,7.9015245
Arf5,1,2.305088546538119,33.342674
Ube2h,5,3.326522093813931,12.706174
Lncpint,0,2.9186465738303355,10.059912
Bpgm,6,2.5673864188343813,8.267593
Cnot4,0,2.4818716036869097,10.867342
Ubn2,0,2.4850779375672998,8.468739
Kdm7a,0,2.8078187238968075,10.784888
Trbv1,6,2.6203694628865137,2.6261382
Trbv2,6,2.5506785550373867,1.235266
Trbv3,6,2.681323516405574,4.9409175
Trbv4,6,2.927559193539904,5.957427
Trbv12-1,6,2.660583385406165,3.406361
Trbv13-1,0,3.1367262632598796,7.9677496
Trbv12-2,3,2.8759459290365994,4.6183095
Trbv13-2,1,2.958103741024701,11.69896
Trbv13-3,0,4.014025256499657,13.031583
Trbv14,0,2.6469395327568135,5.7815504
Trbv15,6,2.558539568394296,3.0469372
Trbv16,0,3.0500900915848987,9.288445
Trbv17,0,3.9486994182606767,6.4233866
Trbv19,1,2.8341158487841316,4.4056954
Trbv20,1,4.018989646436605,5.077271
Trbv23,6,2.4436516949615794,0.31743085
Trbv26,6,2.5296664202216372,1.0932934
Trbv29,6,2.993440548973349,9.212632
Trbv30,6,2.4860880475391807,0.47045892
Trbc1,2,3.092099712671747,17.582218
Trbc2,2,3.542271315541936,24.894394
Trbv31,6,2.4563918295958835,1.7710936
Zyx,1,3.5528434957402033,56.513428
Ezh2,8,4.912307262622112,64.66565
Gimap8,5,2.9493205989148388,12.484916
Gimap4,1,2.8880292190845176,45.696846
Gimap6,1,2.7842050274749517,26.498173
Gimap7,1,3.940472981898442,53.897617
Gimap1,1,2.703467723743348,37.570774
Gimap5,1,2.858457207290226,35.055706
Gimap3,1,2.556362810684495,33.024338
Tra2a,0,2.837172247303107,19.8792
Cycs,2,3.641951973955527,67.712494
Hnrnpa2b1,2,2.13371647346206,70.01331
Snx10,1,4.463599948881849,30.712606
Lsm5,2,3.4651483421301235,56.657726
Avl9,0,2.6324304707609296,9.983657
Herc6,4,4.627349583116488,12.091656
Tigd2,0,2.379198036335377,7.7385297
Serbp1,2,2.1547477045856507,43.15286
Igkv1-135,6,2.6351668490175646,0.41569796
Igkv9-120,6,2.578654734345769,0.1574423
Igkv1-117,6,2.8229078746955976,0.7294434
Igkv14-111,6,3.556099027286615,3.4634693
Igkv1-110,6,3.236118840999293,2.9686852
Igkv5-48,6,3.2961245253768943,0.19204551
Igkv12-44,6,2.9617451324265405,0.24297573
Igkv6-15,6,2.5570856744781922,0.1806511
Igkc,6,5.168726483374252,23.630236
Cd8b1,1,2.3685007979452752,55.335922
Cd8a,5,2.637900744383362,16.447405
Kdm3a,0,2.742725553048515,5.6110644
Mat2a,2,3.1986798681107977,22.034342
Capg,1,4.395424290924822,31.213623
Pcbp1,2,2.577894096826149,43.80475
1600020E01Rik,0,2.7156718351190268,6.985626
Cnbp,2,2.6860624376917888,28.08206
Arl6ip5,1,2.783407474335342,49.088413
Foxp1,0,3.4827346874906646,25.220047
Ppp4r2,0,3.034075446795332,15.367664
Bhlhe40,9,6.089027667841172,54.496902
Arpc4,1,3.099842346228986,35.805374
Vgll4,0,2.7877651675626223,11.462968
Hnrnpf,2,2.2445251944701203,33.45228
Il17ra,0,3.063743416263357,7.6510577
Usp18,4,6.571611734929876,33.678833
Klrg1,1,9.586404714811508,79.399185
Ptpn6,1,3.9734162164524425,20.980814
Grcc10,1,2.758250046180351,22.230255
Atn1,0,2.998080057152247,10.513557
Tpi1,2,4.871341162366417,61.568398
Cdca3,8,6.211848263141074,73.617836
Lag3,7,9.728943096361379,52.18708
Ptms,7,4.341463617813314,47.081997
Gapdh,2,3.5822494253774337,87.8709
Cd27,7,5.226179082184729,37.63331
Cd9,7,5.976932848015802,27.170645
Ccnd2,0,4.217714551298527,19.893593
Klrb1c,9,6.86243833767903,25.74769
Clec2d,1,3.224098048591654,25.213192
2310001H17Rik,7,3.903735647533842,15.013033
Cd69,9,5.199584470784378,31.556763
Klre1,1,7.169085230475487,31.81391
Klrd1,1,4.121734168706837,51.139202
Klrk1,1,4.8656858876471745,36.740562
Klrc1,1,4.9882264788939334,60.5875
Klra6,5,5.979706270964056,9.603701
Klra8,0,4.002871597585889,5.044247
Klra9,9,7.328403763593908,19.681385
Klra7,5,5.455643261220211,10.055487
Klra3,1,3.825538084241418,7.370401
Klra1,5,4.60937518423155,4.595603
Ybx3,1,3.7715891657470566,47.18556
Cdkn1b,0,3.4689623555397646,16.59655
Atf7ip,5,3.261658936187052,10.895806
Hist4h4,8,4.6171233920250305,19.866508
H2afj,2,2.16573513730072,13.456929
Gm20400,9,3.49330911169996,7.560948
Kcnj8,9,9.875958166225848,42.622658
Etnk1,4,3.1689919941804714,15.463558
Itpr2,0,2.945782041147576,10.514448
Resf1,0,3.366729470596416,10.898821
Ube2s,8,4.270451602840077,79.0924
Lig1,8,6.2648458064810395,71.98924
Meis3,0,3.27645168015456,8.574916
Bbc3,3,3.3382236196601305,10.508447
Prkd2,0,2.67049623066632,11.298794
Calm3,2,3.3844841542018234,63.647396
Pglyrp1,7,6.934447451551929,76.57727
Fosb,9,6.154008634845201,35.32756
Relb,0,2.8403048656155576,6.9629707
Apoe,6,3.922295436129801,4.9381986
Bcl3,4,3.693670243837411,24.944359
Kcnn4,1,3.3730630874264813,21.401384
Rps19,3,1.617332069748031,93.823494
Cd79a,10,8.17897847961215,6.3417544
Rabac1,9,3.8634157202655874,33.88707
Pou2f2,7,3.6267125639194773,20.913498
Blvrb,6,3.1217333451314726,6.3022184
Fbl,2,4.096065576931818,34.652264
Zfp36,9,5.197364378565463,40.243298
Gmfg,1,2.832954042474129,49.770405
Nccrp1,1,4.553507424825872,12.628811
Actn4,2,3.136961976813839,41.790474
Spint2,3,3.8147339542180845,22.701084
Sdhaf1,2,2.613859332435137,10.017025
Tyrobp,6,4.618400060309394,10.88128
Hcst,1,3.2621049245174265,65.397736
Nfkbid,0,4.112672034203127,20.571033
Igflr1,5,3.426999972825565,6.4975734
Zbtb32,7,7.091961791420016,35.446144
Cox6b1,2,2.1104657017569854,45.29081
Fxyd5,1,1.913622120785057,56.659195
Gramd1a,0,3.057175240507714,12.200717
1600014C10Rik,4,3.8220721896647936,10.412125
Nkg7,1,2.8741461511234285,67.32872
Etfb,2,3.5626819882693748,60.486362
Klk8,3,3.320101355843312,15.982704
2410002F23Rik,0,2.9573383228678765,9.04857
Rcn3,3,3.2767001729502385,12.499843
Fcgrt,1,4.952895999308092,19.600788
Gm45552,1,4.588716271117971,18.390104
Cd37,1,2.738706011666126,20.680784
Ftl1,2,1.7736841292436012,11.701708
Ppp1r15a,9,6.944034509173829,41.972168
Emp3,1,3.4295852312118056,51.980003
Ldha,2,3.001164628437467,71.10702
Klf13,3,3.005333442644698,18.072958
Gm32633,3,3.592795471072829,7.25547
Chsy1,1,3.79248562585996,26.240824
Fam169b,3,3.0254993321855417,10.8488035
Chd2,0,3.2162955885986486,15.57761
1810026B05Rik,3,3.012030565744337,21.639282
Slco3a1,0,3.53032512009139,11.671207
Akap13,3,2.957533669012394,15.538864
AU020206,0,3.1400561743343056,14.626015
Isg20,4,6.918650863878415,21.238207
Prc1,8,7.215077662716388,47.421307
Crtc3,0,2.4560639736861827,7.786373
Rps17,2,2.687620981606886,72.57832
Tm6sf1,1,3.665604848860816,31.18527
Hdgfl3,0,3.294335484303616,12.918414
Il16,5,2.550004968905653,7.214562
Uvrag,0,2.551592283415784,7.516402
Ucp2,1,2.719851942887284,45.006496
Stard10,1,4.922772929287068,28.058426
Pde2a,5,4.544081677895072,19.553728
Art2b,4,4.028990858910629,16.022644
Numa1,0,3.284275661316389,14.16582
Rrm1,2,4.958160489963801,71.74943
Hbb-bt,6,3.299051209991859,2.8684206
Hbb-bs,6,3.9422382112480796,5.258537
Trim34a,4,3.8407532338884316,13.413227
Trim12a,5,3.296569757863589,15.168618
Trim12c,4,3.8770845959951425,12.467906
Trim30a,4,5.629552802952411,29.28081
Taf10,2,2.0058850222411784,39.738255
Rras2,3,3.771224003002827,36.395325
Pde3b,0,2.7745095823445047,15.354733
Arl6ip1,1,3.6604783234514895,42.990673
Smg1,5,3.0368785097435467,10.430409
Plk1,8,6.99990981796806,51.375206
Il4ra,5,3.3453974669371744,11.844128
Il21r,5,2.8832622692981755,13.733068
Lat,1,2.5223910722628875,14.524569
Ypel3,0,3.6069109803644763,38.375774
Aldoa,2,2.809638026457837,44.602325
AI467606,1,2.839795436439711,22.572971
Spn,1,3.512013931684797,30.239244
Sept1,1,2.3504943043809514,31.069761
Dctpp1,2,4.290279130088449,70.50567
Itgal,5,3.2992720382406424,25.590729
Stx4a,0,2.5317052785172467,7.350525
Vkorc1,3,4.0018080292706255,18.604376
Pycard,1,3.9392763321333586,52.38777
Itgam,1,5.107269443633553,18.498898
Itgax,1,5.955672366709743,43.0733
Rgs10,3,4.594527934384178,34.676422
Bub3,1,3.7920332453524317,45.25381
Mki67,8,6.567982868702527,78.54766
Ifitm1,1,3.42089968063176,8.482586
Ifitm3,4,4.349839322747907,15.148013
Pkp3,1,3.755124796217541,26.924793
Irf7,4,7.116685968158758,39.380314
Ifitm10,1,6.470449703278005,55.032673
Ctsd,1,3.529733371231278,58.29607
Lsp1,1,3.276466654564588,75.406425
Mrpl23,3,3.579521820751733,27.652927
Tspan32,1,4.2743698188546135,23.188042
Kcnq1ot1,0,3.141527053162929,11.456999
Arhgef18,0,3.054380293104445,15.372654
Lamp1,5,2.6938821832033524,9.727992
Rasa3,1,3.0097820919196616,22.51299
Tdrp,3,3.474820305491247,14.761804
Kbtbd11,5,4.569039333894328,25.750586
Ikbkb,0,2.8428071910682315,12.384878
Kat6a,0,2.8891764047125026,10.68041
Letm2,0,2.790091275495412,10.844755
Casp3,7,5.695521822899388,49.57182
Hmgb2,2,3.950956743885961,99.83271
Ddx60,4,4.700824278795145,11.797904
Gmip,0,2.6506607827918605,8.45732
Ndufa13,2,2.4904057025642574,30.722464
Lsm4,2,2.9090709448917504,64.46428
Jund,9,4.708668528757664,69.4422
Ifi30,2,4.089197706248442,49.930927
Abhd8,1,2.9126556144343834,11.52832
Bst2,4,6.922182637082105,44.28208
Tpm4,1,3.066185686551417,55.69457
Klf2,1,3.8483211519545013,67.62308
Hmox1,6,3.107765405373562,12.009442
Mcm5,8,5.873342639384971,72.421394
Smarca5,2,3.142516080633559,38.3236
Inpp4b,3,4.453721071524391,23.48217
Ndufb7,2,2.969575861315837,54.521267
Dnajb1,9,3.705069036174795,16.66472
Ddx39,2,3.262304940947494,56.686665
Adgre5,1,3.34698664055269,29.590826
Asf1b,8,6.095692160776176,68.862976
Il27ra,0,2.764855781522899,11.430638
Gm26532,9,5.592223797362624,14.631529
Ier2,9,5.38899432919831,59.086872
Trmt1,3,2.5041702918895044,6.1330566
Calr,2,3.79926649975076,57.077866
Junb,9,6.880231157814984,65.80332
Siah1a,6,2.4936557784135487,5.088873
Adcy7,0,2.5863560422876706,10.361886
Rbl2,0,3.450291223095454,20.54205
Mt1,1,5.252646970399565,37.320946
Nlrc5,4,3.4656482669926207,8.818027
Adgrg5,5,3.7052260199772142,10.162334
Rrad,6,2.6461010210309475,5.268123
Psmb10,4,3.6438984599579434,23.434443
Znrf1,3,2.968169304913082,13.219642
Gabarapl2,1,3.239261193331664,50.54475
Cotl1,2,4.250919168161708,48.09702
Irf8,7,5.271203710661904,27.789152
Cyba,1,2.2079726452789976,37.32934
Rnf166,1,3.497286386640213,36.351814
Aprt,1,2.890199090084179,24.071466
2810013P06Rik,0,2.5339802219544207,8.345852
Irf2bp2,0,3.4399846291743135,17.348692
Itgb1,1,5.032962837232441,41.88405
Casp1,0,3.7784924556778656,15.697893
Birc2,0,2.6916431804372136,9.826151
Sesn3,5,3.2737008742503395,13.725399
Izumo1r,5,4.192404677807377,7.772226
Fbxl12,0,2.853414101690782,10.124893
Ubl5,2,2.3033106223758684,25.814468
Dnmt1,2,4.447120125456686,60.798477
Icam1,0,2.9154881115250646,8.703835
S1pr5,1,10.58583721664263,62.191685
Kri1,0,2.5733168912400197,9.683909
Cdkn2d,1,4.561532063141622,25.146809
Slc44a2,7,2.9005130382760616,14.210797
AB124611,1,2.6924096681756207,9.122488
Spc24,8,5.295284324976161,78.005295
Acp5,1,2.981208498475111,17.09244
Herpud2,0,2.78076792410265,9.755179
Ets1,0,2.6976732979640574,23.268574
Nrgn,7,6.413337496706462,34.25354
Hspa8,1,1.8587574823851587,36.577293
Crtam,5,4.792598045274549,14.147783
Ubash3b,7,4.783989816766215,30.137373
Thy1,1,2.4145008417187808,38.923218
Cbl,5,3.1735157224337183,20.78186
H2afx,8,6.701031856987441,60.679295
Rps25,3,2.321632913677478,43.30664
Bcl9l,0,2.773088870919624,9.608476
Ddx6,5,3.026045076561164,8.016281
Kmt2a,0,3.3442498933676483,14.058594
Cd3g,1,2.3124930208503547,44.537594
Cd3e,1,2.1194325554998725,58.435375
Jaml,4,5.973440903352342,26.297764
Il10ra,1,4.042377277852588,16.316895
Tspan3,5,3.6083225690100997,15.49997
Peak1,5,3.2974132567677836,10.194963
Cox5a,2,2.4956584157913477,73.57039
Pml,4,3.9855007653226817,22.44065
Nptn,1,3.6779884448095705,36.39198
Hexa,0,2.859359152405688,7.847517
Pkm,1,3.1719178776592813,50.159103
Tipin,8,5.187269403856092,62.024788
Dennd4a,5,3.8123915093986374,14.702035
Pclaf,8,5.887194051182034,101.17183
Ppib,1,2.4774476747951426,44.415707
Herc1,0,2.7795918212027266,13.49073
Rps27l,2,3.3507746908379525,71.058235
Rora,1,4.018172950849478,28.521866
Anxa2,1,4.995245581394753,76.497345
Ccnb2,2,7.9344397350662526,78.35092
Cox7a2,2,2.397436484362097,60.865635
Phip,0,2.9716244499583744,15.897693
Tent5a,0,3.095152955830497,11.213897
Bcl2a1b,7,4.056818537304185,35.61189
Slc9a9,0,3.473657343405451,14.236525
Atp1b3,1,2.7192803820288796,34.6398
Msl2,0,2.618335161892933,7.809759
Rab6b,0,3.1802222932244315,7.8208365
Tmem108,3,4.5677769045524235,23.843246
Manf,2,3.3596539162277406,58.417294
Cish,0,3.399338685958614,8.2865505
Gnai2,1,2.32133645537084,55.698174
Uba7,4,3.693767387883441,10.637226
Ip6k1,0,2.4282412469696673,5.612124
Rnf123,0,2.6575328198639703,4.9477744
Rhoa,1,1.9778057666696411,37.52993
Gpx1,2,3.5248209842631852,36.592075
Impdh2,2,3.6900640585194218,45.557964
Shisa5,1,2.95350517892633,50.48098
Tma7,2,2.047705145579833,54.2569
Als2cl,3,3.5479380829983453,13.527526
Cmtm7,2,3.736344116347041,65.104095
Rps27rt,3,3.0398405239288273,22.036602
Tgfbr2,0,3.0439241923001563,11.846871
Eomes,7,5.067258337494899,18.707537
Cx3cr1,1,8.397137355648786,61.930035
Csrnp1,9,4.0762493506928745,13.945903
Lars2,6,3.3869351183852676,40.627224
Ccr9,3,3.9402690591989242,8.40066
Fyco1,0,2.687367176461889,8.733255
Cxcr6,1,6.0740463391940525,66.7217
Ccr2,1,6.112019721776427,28.820877
Fbxo5,8,6.86914741716383,55.701977
Ipcef1,7,3.453921075274772,7.9452624
Utrn,5,3.36009483188845,11.28187
Hivep2,0,2.8163569532414927,7.6796107
Cited2,1,3.674285738446834,25.873758
Heca,0,2.9544318700237056,9.455338
Abracl,1,2.9968649632031266,61.867275
Tnfaip3,9,8.354461066035869,47.564754
Ifngr1,1,3.126288729300061,40.654503
Myb,5,5.0730550899036535,25.114132
Sgk1,1,4.479670278188556,28.762266
Gm26740,1,2.9870163371440603,17.685955
Rps12,3,1.9813213334501465,49.668015
Samd3,5,5.746839830650023,15.6946945
Themis,0,3.199856213521228,19.692999
Cenpw,2,3.8455930496090196,70.41185
Ncoa7,0,3.3731912538096642,11.329422
Zup1,4,3.2701453240976934,8.261175
Calhm6,4,4.454029196153316,18.937534
Tspyl1,0,2.7056170630078786,9.565925
Fyn,5,3.567601605054574,29.695177
Sesn1,3,3.035399681070915,7.422912
Scml4,3,2.743521017371012,8.520187
Gm34006,0,2.8757367637698903,7.5170965
Ascc3,0,2.8052534711274215,12.016984
Lilr4b,7,4.99348681074829,17.045296
Lilrb4a,7,4.464455661892163,13.437953
Smpdl3a,1,3.37033298853307,25.113413
Ddit4,7,5.177629475175991,28.520374
Psap,1,2.7616286684944926,18.025225
Vsir,1,2.959212128239013,26.842758
Prf1,1,3.800038016596208,29.015892
Ppa1,2,4.899115600949934,56.533154
Srgn,1,2.366740366838134,48.635265
Ddx21,2,2.9891344083258056,27.166174
Jmjd1c,0,2.8546881411621396,10.59608
Arid5b,0,2.902605059666557,10.173007
Cdk1,8,7.127765630978759,64.197876
Mif,2,4.216059696215327,77.202225
Chchd10,2,4.345226861147571,53.761505
Itgb2,1,3.89738934535615,57.10108
Gzmm,5,7.093225611224851,21.530338
Cnn2,1,2.8562848652257866,49.843372
Arhgap45,0,2.537982131603757,20.385185
Atp5d,1,2.0711148037920744,39.10996
Cirbp,9,3.8742084709658506,22.00002
Rps15,2,2.743786070485463,57.60866
Izumo4,0,3.057385828050329,12.524236
Gadd45b,0,3.097929955269432,19.957613
Zbtb7a,0,2.6199897346546437,10.974901
Matk,0,3.8655824894641597,8.109519
Nfic,1,3.8926131211491586,18.242332
S1pr4,1,3.8515423156752004,44.286327
Gna15,1,4.648910663508914,45.255173
Tle5,1,2.037283773788922,38.78763
1500009L16Rik,2,5.865248036377801,63.25699
Tcp11l2,1,3.0126392912139934,11.920716
Hsp90b1,2,3.7817928214546295,79.883514
Slc25a3,3,2.418086026378999,31.10178
Tmpo,8,4.7600335706750005,66.394325
Cdk17,0,3.103986725470945,8.670673
Snrpf,2,3.0978039897948775,57.08601
Btg1,0,3.6212459314815484,48.24212
Atp2b1,1,3.296885555607956,24.04486
Ppp1r12a,5,3.1541591500226507,27.863247
Nap1l1,2,4.00464896210996,66.54852
Rab3ip,3,3.2879621250935998,10.6481285
Lyz2,6,3.9303951010475346,5.8066454
Rap1b,1,3.5717592827518114,66.64282
Ifng,9,7.058661078727667,35.152275
Dyrk2,0,2.5839420900776515,9.542278
Ppm1h,7,3.146547836441674,10.847895
Ctdsp2,0,2.8143073537965595,6.6743946
Mettl1,2,3.8632773410252397,16.304272
B4galnt1,1,2.5160744208246713,23.051249
Ddit3,5,2.875125002234194,6.6263227
Stat6,0,2.595453189397866,6.5913596
Atp5b,2,2.670821420268375,60.083015
Stat2,4,4.307938312894331,5.673197
Myl6,1,1.9508492433840403,62.49427
Esyt1,1,3.0009042223931894,32.358536
Pa2g4,2,3.8021781560637193,56.110607
Dgka,3,3.6278810006217133,25.076582
Tespa1,9,5.252032301135144,26.204233
Sfi1,0,3.3692982765114436,10.333716
Pik3ip1,3,2.9387412834654882,12.366399
H2afv,2,4.180691141617964,79.00095
Snhg15,2,3.380295244132731,6.978244
Sec61g,2,2.5401902235747267,37.68152
Plek,7,5.002059113586528,47.273174
Sertad2,0,2.4687340865919833,6.500929
Peli1,3,3.0029548093509253,23.393475
Rel,0,2.934971536482988,11.966849
Sptbn1,0,3.1213786888766504,27.304726
Nsg2,5,5.055455094095937,27.875154
Hba-a1,6,3.653687000966075,3.9318902
Hba-a2,6,3.6263929334566942,3.9252632
Npm1,3,2.7373128576247976,46.34161
Dock2,5,3.242880492063601,20.093061
Hmmr,8,6.897815418340179,51.69614
Ccng1,1,2.6382790838239636,19.59465
Ebf1,10,7.41560572181257,5.269757
Clint1,0,2.744705768353589,12.594488
Itk,0,2.696061148080468,10.020738
Irgm1,4,4.825924907573773,13.7057705
9930111J21Rik2,0,3.6029768172695715,10.243731
Tgtp2,4,3.335986549120381,7.166708
Ifi47,4,4.469857103163857,35.83191
Rnf130,5,3.418726594886116,9.549599
Canx,2,3.374624455328492,54.714558
Hnrnph1,0,3.1664417618211598,29.970268
Clk4,0,2.6586140544143313,10.018143
Hnrnpab,2,3.3630713162188544,77.210625
Jade2,0,3.2133011087036385,7.3842177
Tcf7,3,5.565740240013557,47.580334
Aff4,0,3.142027548870357,12.813121
Irf1,4,2.7881350156962568,9.45148
Gm12216,0,2.79631029918495,8.693747
Rapgef6,3,2.900863337867203,22.450287
Hint1,2,1.964982405705643,67.418816
Anxa6,1,2.7654336663633834,37.58366
Larp1,0,3.048407908629725,31.12825
Igtp,4,6.873681554463269,36.997616
Irgm2,4,4.283115569724054,6.94929
2410006H16Rik,4,5.300566871679757,74.15323
Pik3r5,0,2.7031165781011834,10.5725765
Aurkb,8,7.184578688430015,50.126335
Per1,9,3.5868971757264534,12.38837
Chd3,5,3.8549972703166677,23.006756
Kdm6b,0,3.468495065963587,15.126703
Eif4a1,2,3.395060747530516,47.851112
Polr2a,0,3.1465549547517746,19.643305
Eif5a,2,3.1809067950460492,70.82208
Rnf167,3,3.044360260424324,14.168611
C1qbp,2,4.608786247971236,39.06467
Xaf1,4,6.155457317078231,27.11755
Mybbp1a,2,3.8075469217866815,22.683578
Atp2a3,1,3.7726839569617976,22.229193
Itgae,3,4.565797968745643,9.01767
Rflnb,3,4.4990917859790684,27.856808
Ssh2,5,3.419664619485572,14.809048
Taok1,0,2.712825237854161,6.8736625
Nufip2,0,2.6594564372074507,9.314944
Rpl23a,3,3.012712652432253,31.051134
Crlf3,3,2.7641007437480294,5.7150545
Slfn5,4,6.979932118678829,17.62562
Slfn8,4,4.24136216648626,12.779089
Slfn2,1,2.8882836096433837,29.139994
Slfn1,4,5.6451978115874315,29.647478
Ccl5,1,4.81859743191534,90.413475
Ccl9,0,3.8891577092328813,6.977198
Ccl6,0,2.903613840877166,3.4046366
Ccl3,7,7.093399495992735,27.286146
Ccl4,9,7.607904417979453,58.709713
Vmp1,7,4.151412012326187,38.588257
Supt4a,1,3.2888259173628778,26.94121
Vezf1,0,2.8567972718806667,13.966098
Trim25,4,3.435079409276154,18.804482
Nme2,3,2.151262683239704,46.75685
Nme1,2,4.1701727445615395,75.93383
Tob1,1,3.3582487185160788,9.9563265
Ppp1r9b,5,3.0913689372077635,9.478714
Fam117a,1,3.159425536834277,19.438019
Zfp652,0,2.8092426770528096,10.906506
Abi3,5,3.4700605886049654,9.36728
Gngt2,2,3.5130724218599054,13.48496
Atp5g1,2,3.239855023328102,46.62497
Tbx21,1,4.209928089472597,43.451855
Mllt6,0,2.903853003094419,11.634631
Psmb3,2,2.6705979884737756,47.62568
Arl5c,1,4.2347251658276015,11.220158
Ikzf3,1,3.799269689270574,25.959072
Rara,1,3.9133717287855707,17.534626
Top2a,8,7.515276063860741,70.10193
Igfbp4,3,6.57289214256208,32.69431
Ccr7,3,5.428833224032525,53.23342
Stat3,0,2.8397723090009133,14.112415
Ifi35,4,4.189448185630644,21.904469
Limd2,3,3.121660463002294,35.904377
Cd79b,10,5.762294177846691,17.966793
Ddx5,9,3.2194404274475747,54.498096
Kpna2,8,6.401712456724417,42.66395
Bptf,0,2.8064514171535966,9.600024
Pitpnc1,0,3.1139141248546873,12.1587925
Rab37,5,3.599196594867983,10.101333
Hid1,1,4.341635064880084,19.855154
Armc7,1,3.4664167375784602,17.875315
Jpt1,1,2.639199645680201,43.944668
Sumo2,1,1.9937408328152175,41.06998
Ubald2,1,3.5131584935473192,17.658178
Srsf2,2,3.3732915781449706,54.798145
Snhg20,0,2.703381921413357,8.8696165
Tnrc6c,0,2.652092269559201,8.554592
Tk1,8,5.9724738319105795,73.157394
Birc5,2,6.751679762129427,92.70897
Socs3,3,3.932197688871694,20.772232
Pgs1,5,3.2768709394398727,12.138014
Cyth1,0,2.622039113372414,6.8400593
Timp2,0,3.794195854475286,6.587914
Lgals3bp,4,5.2323368967822095,34.403053
Cbx4,5,3.026146388216262,8.553532
Rnf213,4,7.145263484987778,37.479614
Actg1,1,2.5910512696269676,64.916306
Arhgdia,1,2.202525486797816,36.94292
Alyref,2,3.5722356048989816,80.3415
Cd7,5,6.677565989990442,35.37196
Rhob,0,3.629438952928387,9.049549
Fam49a,1,3.296593073096242,19.28904
Trib2,3,3.0070228174978357,5.715759
Lpin1,5,3.508473850055853,13.832176
Pdia6,2,4.290711274232081,58.122086
Odc1,2,3.419741063731095,33.190563
Hpcal1,5,2.840801474591875,8.653461
Rrm2,8,7.054154750462207,83.28846
Id2,1,4.108126073935787,38.19747
Rsad2,4,6.5849082002556285,11.95929
Cmpk2,4,4.904682036848185,15.517822
Hbp1,0,2.8607741385589534,9.171431
Tspan13,2,3.202686223438542,24.401445
Ifrd1,9,3.509659820981351,16.765762
Dnajb9,9,3.95404847823805,13.616146
Nfkbia,9,5.837449447309416,38.918434
Rps29,3,2.186525048351524,71.6276
Arid4a,0,2.744177032590151,10.35479
Prkch,1,3.445176978438792,14.977621
Hif1a,7,3.4048246473390917,27.998861
Zfp36l1,0,3.902171142422315,29.256948
Actn1,3,4.56092744793071,26.492989
Susd6,0,2.7083319250428373,8.451886
Srsf5,9,3.5784137589889387,35.841274
Elmsan1,0,2.9530693869171953,13.006899
Npc2,3,3.4886181545520913,50.51364
Fos,9,8.777930737654941,52.915375
Batf,7,4.325321580313735,35.405323
Irf2bpl,0,3.01925050740674,10.364831
Alkbh1,0,2.6922270820888525,9.404261
Foxn3,7,3.0405338803835553,17.959736
Calm1,2,2.0121387731979103,65.57679
Ccdc88c,1,3.568432584502814,22.569155
Ddx24,2,3.167030955253118,21.361805
Ifi27,2,3.6219046683839524,23.141739
Ifi27l2a,4,8.260463288275062,66.523964
Serpina3g,5,5.08225949207377,7.266526
Bcl11b,0,3.069518777136859,9.830103
Evl,5,4.002876212479657,27.532593
Dync1h1,0,2.975510869692616,15.478605
Hsp90aa1,2,4.501910410904561,77.625534
Ppp1r13b,0,2.637310555438195,6.276299
Siva1,8,5.422717145264381,65.00942
Gpr132,0,2.760629490353881,13.925207
Crip2,2,3.9376563920342686,16.993486
Crip1,1,2.627519137700344,71.062675
Igha,0,2.8218228311794653,1.541305
Ighm,3,5.36257957067729,20.63373
Esyt2,0,3.173036367666356,9.71362
Tasor2,0,2.976828548188479,9.341901
Asb13,4,2.8388961033999784,3.7317586
Klf6,9,7.367777781546661,55.34566
Zmynd11,0,2.5716308238485515,10.715884
Actn2,3,3.565519857226517,7.3775744
Arid4b,0,2.698011969591368,13.93498
Cdk13,0,2.7853724264657402,11.479365
Tcrg-C2,7,6.057342843090887,10.624549
Trgv2,7,8.227272766481407,22.630854
Hist1h2ak,8,6.976304312793575,31.79473
Hist1h1b,8,9.285164950875986,65.7066
Hist1h2ap,8,8.566545566535176,52.406784
Hist1h1d,8,8.586948635342578,50.603745
Hist1h3e,8,6.797241351850226,38.45562
Hist1h2ae,8,8.679209444210219,63.183643
Hist1h4d,8,7.161221947694039,45.234344
Hist1h1e,8,7.510516453963122,54.728584
Hist1h1c,8,5.777519926603526,31.697649
Hist1h2ab,8,7.5468681983534465,34.09132
Hist1h1a,8,8.396788509475794,45.076885
Cmah,0,3.066208299604418,7.85882
Ripor2,7,3.125455490941724,27.179539
Gmnn,8,5.4300930467324555,73.79033
Serpinb6b,1,5.320963886498415,46.648273
Serpinb9,1,4.825835875245675,44.603485
Serpinb9b,6,3.986774654225393,9.674516
Txndc5,1,3.261666329354419,28.51403
Mylip,0,3.30371919648858,13.687844
Dek,2,3.6250891470102866,67.42963
Cks2,8,5.668853102769497,74.17478
Gadd45g,4,4.26085050784429,13.5583
Prelid1,1,3.0658999877350737,54.167152
Ctla2b,5,6.390446081867045,31.75689
Ctla2a,5,7.719898607271757,46.582676
Slc6a19,3,3.30441662149188,4.7201824
Slc12a7,0,3.125260272013488,12.111067
Glrx,1,5.005999439411026,37.07131
Cox7c,2,2.2173286653603435,35.62952
Ssbp2,3,3.6141116910724618,16.834816
Nsa2,3,2.4308401203677326,25.354197
Bdp1,0,2.444395546689069,12.907751
Ccnb1,8,7.144472606695916,57.12762
Zswim6,0,2.5086078210001075,6.29135
Il6st,3,3.1306553909366324,10.724576
Gzma,1,10.634704130882993,79.79377
Gzmk,1,5.950924107413227,40.856987
Esm1,1,6.83412177445115,25.231298
Emb,3,4.971169904009099,22.956095
Nr1d2,0,3.7411795763014246,10.8319845
Gm30054,1,4.225025342665097,22.760157
Dnajc9,2,4.176271413046464,46.61404
Zmiz1,1,4.202279913415594,17.772976
Arhgef3,5,3.0866029821868244,10.676777
Tasor,0,2.6727725946843446,7.7955604
Gnl3,2,3.668477050367376,18.76952
Nisch,0,2.4122676498525126,7.679546
Sh3bp5,3,3.2059308059678147,11.608094
Cdkn3,2,7.273518865851604,56.46769
Lgals3,1,6.960391983734848,79.97657
Apex1,2,4.038015855637193,23.345682
Trav1,6,2.4747557130342104,1.7211744
Trav2,6,2.64937588539302,1.2897505
Trav3-1,6,2.3820704983781598,0.71330976
Trav5-1,6,2.562313540382121,1.4938364
Trav8d-2,6,2.6547048284281805,1.1834275
Trav16d-dv11,6,2.870034434917486,1.7509439
Trav10n,6,2.4667622536192946,0.9346715
Trav6n-6,6,2.5609717214063035,0.9438531
Trav13n-1,6,2.467509267358762,0.6048663
Trav8n-2,0,2.6940212422434127,3.6429167
Trav16n,6,2.4944862769274665,2.096759
Trav14n-3,6,2.420797335641923,1.7582729
Trav7-4,6,2.493678149719857,2.2103164
Trav8-1,6,2.519276606122545,0.77410805
Trav9-1,6,2.5606636318320954,2.6922069
Trav10,6,2.757134512306432,4.097629
Trav7-5,6,2.7614530519086795,3.0280175
Trav12-1,6,2.5938438888699697,1.938401
Trav13-1,6,3.266427129422776,11.194929
Trav14-1,0,3.300843061110407,3.4905958
Trav9-2,6,2.4485072098158125,1.7286867
Trav4-3,6,2.6010067735890945,1.6652826
Trav12-2,6,2.6868067742150745,2.6079183
Trav12-3,6,2.54369375753204,1.6027875
Trav13-2,6,2.5503166278284186,1.6299441
Trav14-2,6,2.5260863611241047,1.0887977
Trav3-3,6,2.63182985073433,4.5774665
Trav4-4-dv10,0,3.420951933968082,2.7824624
Trav5-4,1,3.5956595286342883,4.8919144
Trav6-7-dv9,6,2.5979091460901387,1.5961702
Trav7-6,6,2.6697328377420515,1.5770808
Trav16,6,2.4880863638885247,2.2547984
Trav13-4-dv7,6,3.0702742591660135,1.9055678
Trav14-3,6,2.434420503283776,0.8694271
Trav3-4,6,2.5499371075761808,0.99848163
Trav19,6,2.3956112366509212,0.6524233
Trav21-dv12,6,2.543021338565447,0.8697733
Trac,2,3.3765431100139303,18.387918
Gm43305,2,4.078411862649558,42.28399
Psme1,4,3.175044129372579,38.206367
Psme2,2,3.3298633330503127,35.897953
Irf9,4,3.5987988095155936,11.697108
Gzmb,1,5.175542659809198,64.4058
Parp4,0,2.8845938864953693,9.12519
Zmym2,0,2.6170296072088637,7.781206
Lats2,0,3.3628406239067545,9.728644
Phf11b,4,4.255231045634583,26.691141
Phf11c,4,4.980866034361357,28.36765
Spata13,5,3.3174773227730885,13.166673
Bnip3l,1,2.7129204316074853,26.133879
Reep4,8,4.629656163376684,38.169563
Itm2b,1,1.8605666011524904,52.070763
Lcp1,2,2.898143221754839,50.444225
Dnajc15,1,3.193993256492342,35.69183
Epsti1,1,4.067841203124406,49.935318
Rgcc,3,6.405479122564204,29.750952
Mycbp2,0,3.0210906486254916,14.631597
Mbnl2,0,2.6887295261467075,4.399144
Rap2a,1,4.308463853122,19.155127
Stk24,7,3.613743613302277,36.826748
Gpr18,5,3.532345475259597,19.162674
Gpr183,3,5.942516124374711,26.282787
Selenop,3,4.223720562667297,14.660656
Card6,0,3.0325519074467624,10.281756
Rictor,0,2.6043303203840105,7.8166556
Nipbl,0,2.6915450870360105,8.613385
Il7r,3,8.567422818259429,65.51524
Sub1,7,3.46301181623324,71.22701
Retreg1,0,2.9642285298774746,7.9941545
Dap,2,4.551472216167379,43.647503
Cox6c,2,2.1489510219680166,36.50656
Ywhaz,1,2.1693008210720457,44.31342
Oxr1,0,2.6672242584730745,7.4988294
Rad21,8,4.198826315896334,49.714817
Atad2,2,4.451003169498218,47.972046
Gm2682,0,3.1951401149236607,15.914694
Myc,2,4.308235935225581,16.287888
Asap1,0,2.985135339973342,11.374369
Tmem71,1,3.8660338017712275,25.77336
Sla,1,3.3598566268777232,26.076351
Peg13,0,3.4669947553832356,9.81105
Ly6d,10,7.4590798606494895,6.1543665
Ly6e,5,5.0932005635450945,43.909462
Ly6a,4,6.062215805689674,54.014732
Ly6c1,6,3.073227575449033,1.8445792
Ly6c2,1,4.003888348340687,40.098606
Plec,0,3.7944724566459898,17.22837
Myh9,5,3.1714502174618846,14.30112
Il2rb,7,5.6455098908465615,34.358425
Rac2,1,1.8053590089005087,60.753914
Gm36738,1,2.796719308668208,9.283114
Cyth4,1,3.0461426079485094,27.278349
Lgals1,1,3.063378435658362,80.36446
H1f0,0,2.9115841261152884,15.153187
Sun2,0,3.685381802797679,14.77469
Apobec3,4,3.9926950968289137,32.228527
Cbx7,0,3.136580225364686,13.09471
Grap2,0,2.7867264743732623,6.25528
Tnrc6b,0,2.863932821194311,13.731018
Tef,0,3.676841935743934,7.9339566
Tob2,0,3.008343882802353,11.482475
Smdt1,2,2.856144406905276,49.838886
Tspo,1,2.4146704514261055,45.052883
Gramd4,0,3.0258199889510884,5.8402004
Scaf11,0,3.0205340982145157,21.8058
Slc38a2,0,3.3892276758735806,15.855887
Pced1b,0,2.810337773435151,11.538799
Kmt2d,0,2.765082439710259,6.847824
Lmbr1l,0,2.6817509741831462,6.854791
Tuba1b,8,5.377845707554153,78.29441
Tuba1a,9,4.767741274146604,30.011925
Tuba1c,8,5.832972813831159,43.992058
Tmbim6,1,2.4452435385749154,25.707375
Racgap1,1,4.245403092396769,49.023403
Dip2b,0,2.5743814924142163,7.6902337
Bin2,1,2.4874077684786844,26.137241
Galnt6,0,3.109803829830918,6.002211
Nr4a1,9,4.970869953183626,18.271387
Itgb7,1,3.183823728709381,31.717957
Prr13,1,3.470896010642409,57.016254
Crebbp,0,2.8577848810103106,9.075538
Socs1,4,4.911507483927886,21.026178
Mcm4,8,5.068702219044715,59.100662
Sdf2l1,2,4.062138077491342,66.132454
Ranbp1,2,4.130487619287648,79.05186
Iglc3,10,7.2136371107447275,5.4538064
Iglv1,6,3.6113254631863616,4.1099677
Iglc2,10,7.362453301581945,5.229858
Klhl6,0,3.2465645809874615,13.026663
Klhl24,0,2.7822152213871507,8.162265
Eif4a2,0,3.2555045022860667,19.044107
St6gal1,3,2.972164733212441,7.38846
Rtp4,4,7.793410202475162,42.145184
Slc49a4,0,2.9489372431689613,6.64506
Parp14,4,4.493742913160881,11.313775
Dtx3l,4,4.483649628910508,12.836273
Parp9,4,3.956688831304198,14.247862
Golgb1,0,2.474274560476064,8.101847
Cox17,2,2.469794571087479,41.22732
Arhgap31,0,3.7848128500201708,10.589397
Zbtb20,0,3.0305325474151528,10.936017
Tigit,7,8.20873874435257,67.06335
Sidt1,5,4.444089773652461,20.254072
Plcxd2,0,3.143984186037118,14.744347
Cd96,1,2.9005262703514303,18.749699
Trat1,6,3.657247730442161,3.7398741
Cd47,1,2.5562299990573063,49.237293
Cblb,7,4.383773896547809,22.26444
Nfkbiz,9,4.4863833746373984,15.179209
St3gal6,1,3.69644418523363,23.07369
Nrip1,0,2.9603617016924555,13.140496
Atp5j,2,2.444530033782173,61.740044
Ifnar2,5,3.9129595038477762,14.28366
Runx1,0,3.287336826001834,13.477283
Cbr1,0,2.554971740694685,11.154594
Pigp,3,3.002237623198817,9.265073
Ttc3,0,3.041144492157105,8.011687
Hmgn1,2,3.559451176453992,37.623985
Sytl3,0,3.5588426004642346,21.95194
Tagap,9,4.71889145834317,19.79878
Fam120b,0,2.7824317980405917,8.013331
Vmn2r97,0,3.0413297527016634,2.8342438
Zfp945,0,2.4796362425709697,6.3816266
Srrm2,0,2.31325849452384,12.886018
Elob,2,2.3141984669302174,55.49638
Baiap3,1,3.7154178471647477,15.960764
Dusp1,9,9.051331861928263,45.377026
Crebrf,0,3.009854130119169,10.556743
Phf1,9,3.61604869883801,14.359148
Pacsin1,5,4.012148921857914,11.282901
Stk38,0,3.0043773654078523,10.3270035
Srsf3,2,2.527928252609258,61.138794
Pim1,9,4.420062482425315,20.996416
1700097N02Rik,1,3.7679276975449363,35.89931
Abcg1,0,2.8603309502677,9.337854
Akap8l,0,2.8024373433848058,12.811149
Rasal3,0,2.51384584468224,11.127885
Zfp871,0,2.750726014906792,9.55475
Rps28,3,2.1707894229292055,80.80377
Daxx,4,4.229829301599976,13.455568
H2-Ke6,3,3.133644794540042,19.596485
H2-Oa,5,4.602574620614089,8.857381
Brd2,0,2.7033857475433143,14.742512
H2-DMa,3,3.74106796409944,10.051761
Psmb9,4,3.1826228733469804,38.918232
Tap1,4,3.842825808220663,28.872969
H2-Ab1,10,8.543336315546506,9.904192
H2-Aa,10,8.805617025661503,10.656022
H2-Eb1,10,8.631686773319123,10.118419
1110038B12Rik,3,4.469855113536606,31.541576
Lsm2,2,3.824448914000025,68.332466
Vars,0,3.35469434615802,45.34567
Clic1,1,2.0489831820001556,70.71655
Csnk2b,1,3.0897534007524565,35.45256
Ltb,5,5.39516213796885,61.840466
Tnf,9,4.665138181913863,15.701704
H2-Q4,4,3.8071884082047376,22.767616
H2-Q6,7,3.5890986876948405,32.900963
H2-Q7,1,2.314402643963061,34.747826
Ier3,0,4.208221579573561,13.438794
Tubb5,8,3.648631866770501,75.30803
Ppp1r18,1,2.6634209986482564,43.47673
H2-T23,4,3.4333964405638997,31.724363
H2-T22,4,3.5222340870781053,18.048767
H2-M3,1,2.7534042977556887,17.398705
Gm26917,2,4.054577819851491,30.711657
Gm42418,6,1.7021211583461575,47.50695
AY036118,5,3.3564061719930858,48.501637
Cd2ap,0,3.0681260563931017,13.426019
Hsp90ab1,2,2.442108342427811,72.32839
Gtpbp2,0,2.611131529664675,9.864447
Zfp318,0,3.0655103643633668,8.303353
Ubr2,0,2.887711629042048,12.06172
Ccnd3,1,3.0726119136762273,35.007908
Tomm6,2,2.894065681770604,55.549225
Treml2,3,3.5495258434949934,15.848604
Apobec2,1,4.927181937369617,19.886229
Unc5cl,1,2.931135040412481,7.5124764
Satb1,0,3.6983312121260945,19.748877
Gm19585,2,3.1979868195003323,27.573988
Ubxn6,1,2.691258391864242,13.688101
Uhrf1,8,5.889491305452415,68.01145
Ankrd12,0,3.23855432430828,11.40871
Tgif1,0,3.0257610171139526,9.016396
Myl12a,1,2.400738812246988,46.44862
Smchd1,4,4.082643618588888,48.596176
Lbh,2,3.200134849723219,24.110786
Ehd3,5,3.2476946642112448,14.078122
Birc6,0,2.802830012000168,11.424632
Crim1,0,3.200767776009348,11.538182
Cebpz,2,2.9629204912747995,17.009314
Cdc42ep3,9,3.5155863381173855,19.038294
Srsf7,2,3.3986556975739313,51.91212
Zfp36l2,9,4.505116138529369,32.548183
Thada,3,3.1815492608705527,9.561567
Ttc7,0,2.621940883961775,20.023678
Calm2,1,3.501865871474687,37.078865
Epc1,0,3.0019562895312664,14.9061775
Snrpd1,2,3.526576741156775,77.95586
Epb41l4aos,3,3.2224996965185975,14.160867
Reep5,1,2.9959622833395634,56.472397
Fam13b,0,2.939258542810812,9.820345
Egr1,9,4.2417043830837,14.892359
Hspa9,2,3.673494651095288,30.418585
Ndfip1,7,3.182774858517786,46.1918
Arhgap26,0,3.4248886659372233,13.920303
Nr3c1,0,3.0701148235420717,11.751716
Ppic,6,3.381320580090948,7.284774
Gramd3,1,4.098870511241725,21.456783
Lmnb1,2,4.676097459331047,79.45146
Iigp1,4,6.449862591108914,22.26524
Cd74,10,8.846999853609828,12.898121
Adrb2,0,2.756487788292492,7.1312356
Malt1,5,3.396434808811785,12.216152
Sec11c,2,2.718200948411728,46.24157
Smad4,0,2.7945169905590808,8.99795
Smad7,0,3.678159833675237,19.64111
Atp5a1,2,2.3459487891867057,46.01411
Nfatc1,7,3.824416735899721,27.567656
Mbp,0,2.9497858596461812,12.199115
Cd226,7,4.52659754537608,34.633118
Kmt5b,0,2.6958156725006237,8.973687
Gstp3,5,5.418359262962716,32.890236
Cdk2ap2,2,2.583778254018109,10.008349
Pitpnm1,0,2.615871537756907,6.5467763
Ptprcap,1,2.7902782161947783,46.505844
Ppp1ca,1,2.194773612266602,43.408863
Clcf1,0,2.6523864070593257,7.038455
Pold4,1,3.2345845929574293,11.323561
Banf1,2,2.9712643507864973,77.52002
Ctsw,1,3.9794456429591443,54.1057
Cfl1,1,1.774473190603766,62.617737
Malat1,0,2.7432800646474127,60.349857
Neat1,0,3.7130620480251433,13.00967
Atg2a,0,2.6517440771780016,8.254949
Rasgrp2,1,3.769158086484574,33.359486
Ppp1r14b,2,4.414770143630082,37.264996
Fkbp2,2,4.719093403289382,74.290405
Slc3a2,0,2.698378664831256,15.646803
Snhg1,3,3.4712523436915395,29.799788
Rom1,7,5.824225362314523,37.572247
Eef1g,3,2.919170778691802,34.89708
Ahnak,1,4.827915721348992,65.0707
Incenp,8,5.7420009678919515,48.058395
Cd5,1,3.1342550301250784,20.463417
Cd6,1,2.899714502087908,10.123544
AW112010,1,2.6291039099284763,67.74424
Ms4a1,10,7.2587002075034235,4.6779385
Ms4a4c,4,7.271910213382652,48.485928
Ms4a4b,1,1.8125334889394267,76.565834
BE692007,7,3.629778865605316,21.524094
Gm8369,1,3.504492034628853,32.45253
Gm19261,3,3.3871506403091804,8.277062
Ms4a6b,1,2.9080407143381093,53.746887
Gm47242,4,5.173563933978536,14.422136
Vps13a,0,2.6333236680490772,8.4249735
Ostf1,1,2.405712825300881,38.24654
Anxa1,1,6.4131740266313635,26.730526
Smarca2,0,2.836867487851373,9.421792
Insl6,1,4.144798689223035,34.502075
Cd274,4,4.448976966591229,8.562804
Stambpl1,3,2.472911465243304,9.880911
Fas,0,2.90294111052037,6.8088384
Ifit2,4,3.8878914032898724,7.334385
Ifit3,4,8.54225419528055,32.421906
Ifit1bl1,4,5.0243897358736085,14.643642
Ifit3b,4,5.9313667890473845,12.5621
Ifit1,4,7.284179451366554,21.530035
Kif11,8,7.232775192757,53.280457
Hells,8,5.826364334600531,67.51098
Frat2,3,3.552874391148414,10.215331
Pgam1,2,3.798079809107713,45.42075
Sfxn3,1,3.3951752972150206,18.36761
Nolc1,2,4.073619615259176,34.448677
Trim8,0,2.5737981991324754,9.053837
Borcs7,1,4.361851631209241,22.130527
As3mt,1,5.093258845508062,20.057795
Dusp5,9,4.107183282004109,20.407999
Pdcd4,0,3.9751389229592506,28.51823
Ablim1,5,2.7936996043799054,13.913213
Plp2,1,4.286032280209583,58.66537
Pim2,3,4.116191629304898,13.553551
Rbm3,1,2.556541744065569,87.74963
Ddx3x,0,3.337208869618997,23.50847
Slc25a5,2,2.7020169295002523,57.383354
Sh2d1a,1,3.847027904147201,32.19022
Flna,5,3.688994084044875,31.293602
Rpl10,3,1.9379162952920372,54.202366
Taz,0,2.6345371179276835,8.757545
Gab3,0,2.8948839406098044,8.212443
Msn,1,2.2952645043101736,24.60046
Il2rg,1,1.8952587519328425,20.256914
Ogt,7,3.224719090599591,18.110798
Cxcr3,5,7.216149584824949,41.20668
Xist,5,3.7009924691507683,23.887512
Rlim,0,3.2498804134446373,13.140927
Pgk1,2,3.2376850819478005,53.071297
Itm2a,5,5.0993501902016005,13.22504
Rpl36a,3,2.75633924008272,72.37729
Tsc22d3,9,6.312098091010371,36.976307
Huwe1,0,2.9224542745573103,15.2423315
Smc1a,2,3.4199086468976354,51.01372
Sat1,7,2.9669436093659907,15.160777
Rbbp7,2,3.5002305438813894,49.85933
Gm47283,2,3.590024295962458,30.471315
mt-Nd1,7,4.170236381295759,24.057579
mt-Nd2,7,4.112874444750088,30.33156
mt-Co1,7,2.469696426192207,31.185953
mt-Co2,7,2.423278832298745,23.725206
mt-Atp8,7,4.342197954052447,21.60778
mt-Atp6,7,2.570375597615386,27.751287
mt-Co3,7,3.2285918712808597,23.891682
mt-Nd4l,7,3.825840786496361,34.9346
mt-Nd4,7,3.8558815746689503,22.294323
mt-Nd5,7,4.193387670505175,20.155046
mt-Cytb,7,3.114549671877786,34.804646
CAAA01147332.1,1,5.429386297289775,83.518105
AC149090.1,0,4.4727940947140485,20.172457
